,Country/Territory,"GDP (in US$) per capita by country, United Nations, estimate","Fixed broadband, Average download speed (Mbit/s) (Ookla)","Recorded per capita consumption of pure alcohol (litres) per adult 15 years of age and over per year, 2016",intentional homicide rate,% of GDP,HDI 2021 data (2022 report),Democracy index: 2020,"('Ages 25–34:\xa0% equivalent to a degree course lasting at least:', '2 years')",% Yes for importance of religion,% Christian,Muslim percentage of total population,% Buddhist,% Jewish,"2020 mortality rate, under-5 (per 1000 live births)",Age of criminal responsability reduced,Minimum wage annual in US$,External Debt by % of GDP,World Bank Gini %,Total health spending per capita in PPP international dollars. Not inflation-adjusted,"Suicide rates by gender and country (age-standardized, per 100,000 population, World Health Organization, 2019)[",Fertility rate in 2019 (births/woman),"Annual Cigarette Consumption per person aged 15 or older, 2016","Obesity rates by country (The World Factbook – Central Intelligence Agency, 2016)",% of Internet users,Median age in year 2020 combined M and F,"2019 Economic Freedom of the World Index, score",Oil production April 2022 (bbl/day)[1],population growth rate UN 2015-2020,"List by the World Health Organization (2019), Life expectancy at birth, All","meat consumption per capita, kg/person 2002","Incarceration rates per 100,000 from World  Prison Brief",literacy rate UN member states elderly 65+,age at first marriage Women,Expenditure on education (% of GDP),Homeless per 10k,Milk consumption 2013 (kg/capita/yr) [1],Scientific publications per capita (per million),Total books published per year,Average daily dietary energy consumption kilocalories,Average yearly temperature (1961–1990 Celsius)
0,Afghanistan,373.0,,0.2,4.0,,0.478,2.85,,97.0,,99.7,0.0,,58.0,12.0,858.0,7.0,,,6.0,4.3,311.6,5.5,10.145258307954357,19.5,51.5,,2.41,61.98,,36.0,20.3,15.5,4.1,1180.0,62.23,9.0,2795.0,2040.0,12.6
2,Albania,6396.0,45.25,7.5,2.3,,0.796,6.08,,39.0,,58.8,0.0,,9.8,14.0,4637.0,66.0,29.4,,3.7,1.6,2491.6,21.7,73.74966283790648,34.3,66.5,15003.0,0.13,76.46,38.2,174.0,86.9,27.8,4.0,121.0,303.72,216.0,390.0,3360.0,11.4
3,Algeria,3700.0,,0.9,1.6,4.8,0.745,3.77,,95.0,,99.0,0.0,,23.7,13.0,1777.0,2.0,27.6,,2.6,3.0,1046.7,27.4,59.64511406126434,28.9,46.2,1211863.0,1.67,76.38,18.4,217.0,19.5,28.2,4.3,,141.53,176.0,3955.0,3322.0,22.5
4,American Samoa,,,,0.0,,,,,,,0.0,0.3,,,,,,,,,,,,,27.2,,,,,24.9,538.0,92.7,,,,,282.0,46.0,,
6,Andorra,42066.0,191.23,11.3,2.6,,0.858,,,,,2.6,0.0,,2.5,12.0,18253.0,41.0,,,,1.0,6398.3,25.6,96.2813472682643,46.2,,,-0.21,,,64.0,,,3.2,,,453.0,57.0,,7.6
7,Angola,2258.0,,6.4,4.1,,0.586,3.66,,,,0.3,0.0,,71.5,14.0,663.0,41.0,51.3,,12.6,5.4,340.2,8.2,12.378509666797608,15.9,50.6,1165993.0,3.28,61.64,25.0,79.0,27.0,21.4,3.5,,12.3,5.0,22.0,2385.0,21.55
8,Anguilla,19216.0,,,28.3,,,,,,,0.6,,,,,,5.0,,,,,,,76.44893036247063,35.7,,,,,,240.0,88.0,,,,,867.0,,,
9,Antigua and Barbuda,15246.0,,7.0,17.2,,0.788,,,,,0.3,,,6.4,8.0,6317.0,34.0,,,0.3,2.0,89.2,18.9,83.16866733176713,32.7,,,1.01,78.5,56.0,237.0,,25.0,2.5,,123.74,232.0,,2445.0,25.85
10,Argentina,10761.0,51.51,9.8,4.6,,0.842,6.95,,66.0,,0.9,0.0,,8.6,16.0,21350.0,42.91,42.0,,8.1,2.2,1176.1,28.3,88.39999885150843,32.4,52.2,582289.0,0.94,75.39,79.7,249.0,97.9,33.2,5.5,,195.08,341.0,11514.0,3307.0,14.8
11,Armenia,4967.0,,5.5,2.2,,0.759,5.35,,73.0,,0.03,0.0,,10.9,14.0,1787.0,102.0,27.9,,2.7,1.8,1985.7,20.2,73.20419323146686,36.6,67.7,,0.15,72.04,27.7,72.0,98.9,27.1,2.3,,209.03,396.0,396.0,2997.0,7.15
12,Aruba,29342.0,,,1.9,,,,,,,0.4,0.1,,,,,28.0,,,,1.9,,,96.00889831701662,39.9,,,,74.63,,238.0,88.9,,,,,198.0,,,
15,Australia,66916.0,77.88,10.6,0.7,1.9,0.951,8.96,48.0,,,3.2,2.7,,3.7,,34515.0,111.17,34.3,5191.0,11.3,1.8,917.0,29.0,81.63050171233161,37.5,80.9,310919.0,1.3,83.3,108.2,158.0,,30.5,5.3,48.0,234.49,4109.0,19241.0,3391.0,21.65
16,Austria,53840.0,117.31,11.6,0.7,,0.916,8.16,39.0,,,8.0,0.2,,3.6,14.0,,77.76,29.8,5519.0,10.4,1.5,1927.0,20.1,86.10049761927765,44.5,72.0,9953.0,0.24,81.24,94.1,97.0,,30.8,5.5,25.4,258.09,3044.0,8711.0,3695.0,6.35
17,Azerbaijan,5296.0,,0.8,1.9,,0.745,2.68,,50.0,,97.3,0.0,,19.4,14.0,2435.0,22.0,26.6,,4.0,2.1,1525.6,19.9,75.28169322733888,32.6,65.4,666869.0,0.98,69.37,15.9,219.0,98.4,24.0,2.5,725.0,152.07,174.0,542.0,3149.0,11.95
18,Bahamas,27478.0,55.99,4.4,29.2,,0.812,,,,,0.1,0.0,,12.3,,10920.0,194.0,,,3.4,1.7,438.6,31.6,82.38589282824964,32.8,62.9,,1.01,71.6,123.6,409.0,,27.0,2.8,,104.76,219.0,,2655.0,24.85
19,Bahrain,26563.0,58.53,1.9,0.1,,0.875,2.49,,94.0,,73.7,2.5,,6.8,15.0,,66.0,,,7.2,2.0,1101.5,29.8,97.80115016760463,32.9,66.4,188469.0,4.26,78.76,70.7,234.0,42.3,26.3,2.3,,,710.0,40.0,,26.8
20,Bangladesh,2450.0,36.02,0.0,2.3,,0.661,5.99,,99.0,,91.0,0.5,,29.1,9.0,212.0,22.0,31.8,,3.9,2.0,744.1,3.6,75.8913682020086,27.9,55.6,3000.0,1.04,72.38,3.1,46.0,39.4,25.0,2.0,307.0,21.91,48.0,,2563.0,25.0
21,Barbados,17225.0,105.71,9.6,11.4,,0.79,,,,,1.5,0.0,,12.2,,8840.0,100.0,,,0.3,1.6,277.5,23.1,83.07396870554766,39.5,64.7,1000.0,0.24,77.57,88.7,258.0,98.5,31.8,4.7,,110.48,542.0,,2956.0,26.0
22,Belarus,7121.0,68.73,11.2,2.3,,0.808,2.59,,34.0,,,0.0,,2.9,14.0,0.0,66.0,24.4,,16.5,1.7,2911.3,24.5,73.58642838447064,40.9,57.9,31756.0,-0.15,72.37,58.6,345.0,98.6,26.1,4.8,,133.73,272.0,8205.0,3270.0,6.15
23,Belgium,51166.0,107.12,12.1,1.1,1.2,0.937,7.51,43.0,,,7.6,0.2,,4.2,12.0,24005.0,104.42,26.0,5351.0,13.9,1.7,2440.9,22.1,86.30505883906179,41.6,67.3,,0.58,81.89,86.1,97.0,,30.0,6.5,11.7,236.19,2976.0,13913.0,3769.0,9.55
24,Belize,6229.0,49.44,6.7,31.2,,0.683,,,,,0.2,0.5,,11.7,7.0,5850.0,75.0,57.9,,7.7,2.3,168.6,24.1,44.0965825148551,23.9,55.4,1106.0,2.05,70.47,74.7,289.0,44.8,28.6,7.4,,80.3,114.0,,2775.0,25.35
25,Benin,1361.0,,3.0,,,0.525,4.58,,,,27.7,0.0,,85.9,13.0,865.0,26.0,37.9,,12.7,4.8,204.0,9.6,12.141423009111023,17.0,55.3,,2.73,59.82,16.2,111.0,7.0,18.7,4.0,,8.4,50.0,84.0,2755.0,27.55
26,Bermuda,112653.0,,,10.9,,,,,,,1.0,0.5,,,,,47.0,,,,,,,94.02352574589078,43.6,,,,79.28,,200.0,,,,,95.56,1218.0,,,
27,Bhutan,3063.0,,0.6,2.5,,0.666,5.71,,,,0.2,74.7,,27.6,10.0,609.0,108.0,28.5,,5.1,2.0,,6.4,49.974018824776266,29.1,62.9,,1.18,71.81,3.0,145.0,14.9,22.8,6.6,0.0,,265.0,,,7.4
28,Bolivia,3345.0,,4.8,3.5,,0.692,5.08,,89.0,,0.0,0.0,,25.4,14.0,4444.0,33.0,40.9,,6.8,2.7,291.6,20.2,40.10039511660774,25.3,42.3,28460.0,1.47,63.63,50.0,175.0,67.5,24.1,7.3,,46.04,38.0,1578.0,2412.0,21.55
30,Bosnia and Herzegovina,7143.0,44.85,6.4,1.0,,0.78,4.84,,77.0,,50.7,,,5.7,14.0,3949.0,23.0,33.0,,8.3,1.3,1767.2,17.9,70.9275581995773,43.3,61.9,,-0.22,75.3,21.4,83.0,86.0,26.8,,,174.03,474.0,,3307.0,9.85
31,Botswana,6805.0,,8.4,10.5,,0.693,7.62,,,,0.4,0.0,,44.8,8.0,1933.0,8.0,53.3,,20.2,2.8,433.5,18.9,36.66236160009396,25.7,69.5,,1.79,61.14,27.3,161.0,40.7,26.4,7.8,,117.74,332.0,158.0,2342.0,21.5
32,Brazil,8170.0,90.3,7.8,22.4,1.1,0.754,6.92,16.0,87.0,,,0.1,,14.7,12.0,3184.0,71.59,52.9,,6.4,1.6,333.5,22.1,77.12542015915616,35.2,51.9,3021505.0,0.63,77.25,82.4,389.0,74.3,30.0,6.2,10.0,149.28,416.0,46829.0,3301.0,24.95
34,British Virgin Islands,49444.0,,,8.2,,,,,,,1.2,,,,,,2.0,,,,,,,46.44945697577276,37.2,,,,,,368.0,,,,,,200.0,,,
35,Brunei,31449.0,,0.4,0.5,,0.829,,,,,80.9,8.6,,11.5,7.0,,2.8,,,2.5,1.8,9.7,14.1,91.31783920444212,31.1,65.1,83759.0,1.25,74.64,,186.0,61.6,25.1,4.4,,70.47,1584.0,91.0,2985.0,26.85
36,Bulgaria,12207.0,78.84,12.7,1.3,,0.795,6.71,,,,13.4,0.0,,6.1,14.0,5950.0,63.0,40.5,,6.5,1.6,1757.3,25.0,65.2397925722654,43.7,69.0,1000.0,-0.67,71.51,69.4,93.0,97.5,29.1,4.1,,155.71,956.0,,2854.0,10.55
37,Burkina Faso,893.0,,8.2,,,0.449,3.73,,,,63.8,0.0,,85.0,13.0,750.0,26.0,43.0,,14.4,5.1,408.1,5.6,13.791017227838614,17.9,59.4,,2.87,59.27,11.2,38.0,8.4,17.9,4.2,335.0,29.79,30.0,12.0,2737.0,28.29
38,Burundi,311.0,,7.5,5.8,,0.426,2.14,,98.0,,10.0,,,54.4,15.0,,26.0,38.6,,12.1,5.3,239.4,5.4,4.838663800861319,17.7,48.9,,3.15,61.66,3.5,85.0,24.9,20.3,4.8,,4.6,9.0,,,19.8
39,C-te d'Ivoire,,,,,,,,,,,,0.0,,,,792.0,,,,,,,,38.76090503437828,,62.4,30298.0,,,11.3,,,,5.1,117.0,,,,,
41,Cambodia,1608.0,,6.7,1.8,,0.593,3.1,,96.0,,2.0,97.9,,25.7,14.0,,57.0,36.0,,5.5,2.5,726.2,3.9,32.803782356561925,26.4,57.8,,1.49,69.58,13.9,219.0,53.1,21.0,1.9,,3.47,34.0,,2492.0,26.8
42,Cameroon,1668.0,,8.9,4.5,,0.576,2.77,,96.0,,30.0,0.0,,72.2,10.0,785.0,24.0,46.6,,15.9,4.5,171.0,11.4,20.517450365511085,18.5,52.4,59743.0,2.56,60.33,14.4,116.0,26.1,19.0,3.1,389.0,15.27,86.0,,2733.0,24.6
43,Canada,52112.0,181.99,8.9,2.1,1.2,0.936,9.24,59.0,42.0,,4.9,0.8,,5.0,12.0,24128.0,126.94,31.7,5337.0,10.3,1.5,1021.3,29.4,88.98079235304657,41.8,77.7,4543800.0,0.9,81.63,108.1,85.0,,29.6,5.5,10.0,187.77,3184.0,10433.0,3566.0,-5.1
44,Cape Verde,3293.0,,5.7,6.2,,0.662,7.65,,,,2.0,,,14.2,16.0,1673.0,99.0,42.4,,15.2,2.2,397.1,11.8,,26.8,,,1.25,,26.3,296.0,36.8,21.5,5.2,,115.64,119.0,,2541.0,23.3
46,Cayman Islands,85250.0,,,4.5,,,,,,,0.2,,,,,,7.0,,,,,,,73.24468709639544,40.5,,,,,,266.0,94.7,,,,,410.0,,,
47,Central African Republic,461.0,,3.3,,,0.404,1.32,,,,15.0,,,103.0,14.0,821.0,39.0,43.0,,23.0,4.6,213.2,7.5,3.705301334725023,20.0,49.1,,1.58,53.9,28.0,40.0,35.7,17.3,1.2,1421.0,13.53,12.0,,1786.0,24.9
50,Chad,955.0,,1.5,,,0.394,1.55,,95.0,,58.0,0.0,,110.0,13.0,1298.0,18.0,37.5,,13.2,5.6,279.3,6.1,5.637454350298666,16.1,49.9,81329.0,3.01,52.52,14.3,59.0,7.0,18.8,2.9,209.0,20.63,4.0,,2115.0,26.55
52,Chile,16265.0,246.39,9.3,3.6,1.8,0.855,8.28,36.0,70.0,,0.0,0.0,,6.8,14.0,6483.0,65.09,44.9,2281.0,8.0,1.6,769.3,28.0,76.25463341442834,35.5,75.4,2000.0,0.78,78.94,66.4,264.0,89.9,32.6,5.4,7.4,116.11,871.0,7058.0,3029.0,8.45
53,China,12437.0,172.95,7.2,0.5,1.6,0.768,2.27,35.8,,,,18.2,,7.3,12.0,2642.0,13.55,37.1,,6.7,1.7,2043.0,6.2,76.38298559703406,38.4,58.4,4089997.0,0.39,78.21,52.4,119.0,73.9,24.9,4.0,19.0,32.66,527.0,208418.0,3206.0,7.5
56,Colombia,6104.0,53.73,5.8,27.5,3.1,0.752,7.04,27.0,83.0,,0.2,0.0,,13.2,14.0,4516.0,56.03,51.5,1192.0,3.7,1.8,351.4,22.3,59.297924422829304,31.2,67.3,751876.0,0.81,72.83,33.9,196.0,81.4,22.7,4.5,971.0,108.47,296.0,17066.0,3114.0,24.5
57,Comoros,1631.0,,0.9,,,0.558,3.09,,97.0,,98.3,,,61.3,,1587.0,21.0,45.3,,8.5,4.1,585.4,7.8,8.400425985090521,20.9,55.4,,2.24,63.42,7.6,43.0,12.8,20.4,2.5,,11.15,24.0,,,25.3
58,Rep Congo,2200.0,,7.8,,,0.571,3.11,,,,2.0,0.0,,44.6,,1948.0,55.0,48.9,,11.6,4.4,195.2,9.6,7.797637549980243,19.5,39.7,272928.0,2.59,63.52,13.3,27.0,73.1,21.0,4.6,,10.69,68.0,,2285.0,24.55
59,DR Congo,551.0,,2.6,,,0.479,1.13,,94.0,,10.0,0.0,,81.2,14.0,220.0,13.0,42.1,,12.4,5.8,128.0,6.7,7.311717492411788,16.7,50.3,21000.0,3.22,59.19,4.8,24.0,48.0,19.0,1.5,595.0,,5.0,64.0,,24.0
61,Cook Islands,19264.0,,10.6,3.5,,,,,,,0.0,,,,,,23.0,,,,,,55.9,,38.3,,,,,,224.0,,,,,,521.0,,,
62,Costa Rica,12472.0,47.93,4.8,11.4,,0.809,8.16,28.0,79.0,,0.0,0.0,,7.9,12.0,6785.0,43.0,47.2,1530.0,7.6,1.7,411.4,25.7,68.13306746641464,32.6,65.3,,0.96,77.02,40.4,301.0,90.4,25.7,7.4,6.6,183.28,279.0,2158.0,3029.0,24.8
64,Croatia,16983.0,57.3,8.9,0.8,,0.858,6.5,,70.0,,1.5,0.0,,4.6,14.0,7075.0,74.0,29.5,,11.0,1.4,1578.9,24.4,69.23553034566584,43.9,61.4,10977.0,-0.58,76.42,49.9,102.0,97.1,28.9,4.6,5.1,231.02,2010.0,,3074.0,10.9
65,Cuba,11255.0,,6.1,4.4,,0.764,2.84,,,,0.1,0.0,,5.1,16.0,44.0,34.0,,,10.2,1.6,233.5,24.6,50.09567914066806,42.1,27.8,32079.0,0.06,73.68,32.2,794.0,99.2,21.3,12.9,,99.94,187.0,728.0,3344.0,25.2
67,Cyprus,32281.0,50.46,10.8,1.3,,0.896,7.56,,75.0,,25.3,0.2,,2.8,14.0,,849.0,31.7,,3.2,1.3,1961.4,21.8,76.54542561092053,37.9,68.1,,0.78,81.2,131.3,103.0,93.8,29.6,6.4,,113.31,4087.0,930.0,3019.0,18.45
68,Czechia,26809.0,85.89,14.4,0.4,,0.889,7.67,31.0,,,,0.0,,2.9,15.0,9959.0,61.47,26.2,3129.0,9.5,1.7,2427.9,26.0,79.52550678823997,43.3,73.7,1687.0,0.06,77.37,77.3,187.0,,29.8,5.6,22.0,195.2,2358.0,16474.0,3277.0,7.55
69,Denmark,68037.0,210.71,10.4,0.8,1.2,0.948,9.15,44.0,19.0,,5.4,0.2,,3.6,15.0,,119.0,27.5,5307.0,7.6,1.8,1298.0,19.7,92.36515756101561,42.0,76.7,64791.0,0.38,81.4,145.9,72.0,,32.7,7.6,9.8,277.3,5110.0,10715.0,3401.0,6.95
72,Djibouti,3348.0,,0.5,,,0.509,2.71,,96.0,,97.0,,,55.9,13.0,,71.0,41.6,,11.9,2.7,785.5,13.5,48.19733401353345,24.9,47.1,,1.51,62.3,17.1,71.0,,26.9,8.4,,59.81,36.0,,2694.0,28.0
73,Dominica,7571.0,37.62,8.2,13.8,,0.72,,,,,0.2,0.1,,35.4,,3081.0,55.0,,,,1.8,147.4,27.9,71.07523614870463,34.9,63.6,,0.51,72.81,67.1,316.0,,,3.4,,136.93,292.0,,2952.0,22.35
74,Dominican Republic,8477.0,,6.9,10.5,,0.767,6.32,,87.0,,0.0,0.0,,33.8,,2613.0,36.0,38.5,,5.1,2.3,218.9,27.6,62.938945246091585,27.9,61.0,,1.07,72.61,37.8,222.0,79.8,,4.3,,73.75,33.0,1866.0,2892.0,24.55
76,Timor-Leste,1517.0,,2.1,4.1,,0.607,7.06,,,,0.1,,,42.3,16.0,1380.0,12.0,28.7,,4.5,3.9,,3.8,26.97741460260935,19.6,44.2,14000.0,2.14,67.74,41.3,55.0,11.2,20.6,3.8,,10.96,31.0,,2287.0,25.25
80,Ecuador,5965.0,,4.4,14.0,,0.74,6.13,,82.0,,0.0,0.0,,13.0,12.0,5850.0,57.0,45.5,,7.7,2.4,93.5,19.9,53.49587984135287,28.8,46.9,479518.0,1.42,73.67,45.0,167.0,77.7,21.8,5.0,,139.6,308.0,4153.0,2606.0,21.85
81,Egypt,3898.0,39.66,0.4,1.3,,0.731,2.93,,97.0,,,0.0,,19.5,12.0,,42.72,31.9,,3.4,3.3,1449.4,32.0,69.24628575498467,24.1,52.5,567652.0,1.87,70.22,22.5,116.0,43.2,25.0,3.8,1200.0,59.46,298.0,23000.0,3292.0,22.1
82,El Salvador,4551.0,,3.7,7.8,,0.675,5.9,,83.0,,0.28,0.0,,12.9,12.0,3650.0,56.0,38.8,,6.1,2.0,206.7,24.6,31.565193001705527,27.7,61.8,,0.52,70.75,21.4,,65.7,22.5,3.8,,124.34,16.0,661.0,2696.0,24.45
84,Equatorial Guinea,7605.0,,11.3,,,0.596,1.92,,,,10.0,,,78.5,16.0,2792.0,12.0,,,13.5,4.4,328.2,8.0,20.35172343750191,20.3,41.0,118384.0,3.59,60.59,,63.0,67.2,20.5,0.6,,,9.0,,,24.55
85,Eritrea,623.0,,1.3,14.6,,0.492,2.15,,,,,,,39.3,12.0,,15.0,,,17.3,4.0,132.3,5.0,1.8341513107157617,20.3,38.9,,2.28,66.54,7.7,,20.9,20.6,2.1,,11.57,20.0,970.0,,25.5
86,Estonia,27991.0,78.58,11.6,2.0,,0.89,7.84,41.0,16.0,,0.0,0.0,,2.1,14.0,10578.0,89.0,30.7,2364.0,12.0,1.6,1759.9,21.2,86.83563871781537,43.7,76.6,,-0.23,76.74,67.4,150.0,99.7,30.4,5.2,8.0,284.85,2865.0,5809.0,3247.0,2.0
87,Eswatini,3969.0,,9.9,12.7,,0.597,3.08,,,,2.0,,,46.6,,694.0,14.0,54.6,,40.5,3.0,,16.5,34.746966084053035,23.7,54.7,,1.75,57.07,,243.0,45.2,26.5,7.1,,56.6,125.0,,2426.0,21.4
88,Ethiopia,825.0,,2.8,8.6,,0.498,3.38,,,,31.3,0.0,,48.7,9.0,,32.0,35.0,,9.5,4.1,115.3,4.5,16.24757511504574,19.8,53.6,,2.43,64.97,7.9,99.0,13.6,21.3,4.7,234.0,44.14,52.0,240.0,2338.0,22.2
92,Faroe Islands,,,,,,,,,,,0.0,,,,,,38.0,22.71,,,,,,90.93951483295203,37.2,,,,83.5,,23.0,,,,,,1378.0,,,
93,Micronesia,3573.0,,2.5,0.9,,0.628,,,,,0.0,0.4,,24.7,,,29.0,40.1,,29.0,3.0,,45.8,6.96905758633461,26.3,51.9,,0.63,70.71,,127.0,,25.5,12.5,,,284.0,,,25.85
94,Fiji,4647.0,,3.0,2.2,,0.73,5.72,,,,6.3,0.0,,27.4,10.0,3232.0,18.0,30.7,,9.5,2.8,491.1,30.2,48.93728166470188,29.9,62.2,,0.72,67.11,39.1,256.0,,24.1,3.9,,40.2,522.0,401.0,2781.0,24.4
95,Finland,53703.0,119.32,10.7,1.6,,0.94,9.2,41.0,,,1.8,0.0,,2.3,15.0,,71.3,27.1,4330.0,13.4,1.5,1098.8,22.2,97.72412965914691,42.8,74.9,,0.36,81.93,67.4,51.0,,32.1,6.9,7.9,430.76,3948.0,10208.0,3343.0,1.55
96,France,44229.0,192.25,12.6,1.1,1.9,0.903,7.99,45.0,30.0,,8.8,0.5,,4.4,13.0,24259.0,112.06,30.7,5097.0,9.7,1.8,1089.9,21.6,92.15662367635846,41.7,63.8,11969.0,0.39,82.32,101.1,107.0,,32.0,5.4,45.0,241.31,1664.0,106799.0,3502.0,10.7
97,French Guiana,,,,13.3,,,,,,,0.9,0.0,,,,,,,,,3.3,,,,,,,,,13.2,280.0,69.7,,,,,442.0,,,
98,French Polynesia,19915.0,,,0.4,,,,,,,0.0,0.0,,,,,,,,,1.9,,,67.67248184401642,33.3,,,,79.49,112.2,189.0,,,,,93.56,600.0,,,
100,Gabon,7911.0,,11.5,,,0.706,3.54,,,,10.0,,,41.7,13.0,3246.0,35.0,38.0,,13.1,3.9,451.2,15.0,44.42206255907814,21.0,56.3,195808.0,2.17,65.82,46.0,228.0,60.6,20.4,2.7,,30.16,85.0,,2633.0,25.05
101,Gambia,772.0,,3.8,,,0.5,4.49,,,,96.4,,,49.4,12.0,253.0,61.0,28.8,,9.6,5.2,249.1,10.3,15.786600785782579,21.8,52.4,,2.93,62.08,5.2,22.0,10.4,21.5,2.1,,45.71,92.0,14.0,2533.0,27.5
103,Georgia,4975.0,,9.8,2.0,,0.802,5.31,,81.0,,10.7,,,9.3,14.0,93.0,128.0,34.2,,7.7,2.1,1917.7,21.7,91.7123827162465,38.6,75.9,276.0,-0.27,71.69,26.0,265.0,99.1,28.1,3.8,760.0,149.26,511.0,581.0,2835.0,5.65
104,Germany,51073.0,120.93,13.4,0.8,1.4,0.942,8.67,30.0,40.0,,,0.3,,3.7,14.0,29520.0,65.33,31.7,6290.0,8.3,1.6,1599.5,22.3,93.26909683627893,47.8,73.5,33242.0,0.2,80.9,82.1,67.0,,32.1,4.8,31.4,258.7,2097.0,79916.0,3554.0,8.4
105,Ghana,2409.0,51.93,2.7,1.8,,0.632,6.5,,95.0,,19.9,0.0,,44.7,12.0,433.0,30.0,43.5,,10.5,3.8,40.5,10.9,45.88531896430762,21.4,57.5,179890.0,2.16,63.8,9.9,47.0,34.9,21.7,3.6,32.9,9.08,136.0,28.0,3035.0,27.2
106,Gibraltar,,,,3.2,,,,,,,4.0,,,,,,,,,,,,,99.4643239768588,35.5,,,,,,273.0,,,,,,353.0,,,
108,Greece,20571.0,36.73,10.4,0.9,3.7,0.887,7.39,40.0,71.0,,,0.0,,4.1,15.0,12915.0,322.85,33.6,2315.0,3.6,1.3,2078.6,24.9,75.85601843497092,45.3,57.7,1497.0,-0.21,80.18,78.7,103.0,92.5,30.1,4.1,37.1,255.26,1884.0,9583.0,3382.0,15.4
109,Greenland,58185.0,,,5.4,,,,,,,0.0,,,,,,2.0,,,,,,,69.77223832299131,34.3,,,,71.15,,241.0,,,,,,2048.0,,,
110,Grenada,8950.0,54.65,9.3,4.0,,0.795,,,,,0.3,,,16.4,,,66.0,,,0.6,2.0,158.2,21.3,51.11307278709574,33.3,,,0.46,74.94,97.0,335.0,96.2,31.0,3.2,6.4,86.88,2212.0,,2402.0,26.0
111,Guadeloupe,,,,5.8,,,,,,,0.4,,,,,,,,,,2.1,,,,,,,,,12.7,190.0,82.9,,,,,187.0,,,
112,Guam,,,,4.2,,,,,,,0.0,1.1,,,,,,,,,2.3,,,77.53351237876318,29.4,,,,76.66,,408.0,95.9,,,,,494.0,,,
113,Guatemala,4883.0,,2.4,20.0,,0.627,4.97,,88.0,,0.0,0.0,,23.6,,3924.0,28.0,48.3,,6.2,2.8,111.8,21.2,66.72920091980666,23.2,62.6,6188.0,1.94,69.24,23.8,127.0,50.7,21.3,2.8,315.0,46.6,24.0,1042.0,2551.0,23.45
115,Guinea-Bissau,1185.0,,1.3,1.1,,0.465,3.08,,,,89.1,0.0,,95.6,10.0,412.0,20.0,29.6,,12.3,4.6,316.0,7.7,10.713627481597936,19.1,55.7,,2.57,58.89,6.5,34.0,13.1,19.8,2.2,,20.62,11.0,,2746.0,25.7
116,Guyana,9999.0,45.37,6.3,16.3,,0.714,6.01,,,,7.3,0.0,,28.4,,2015.0,36.0,45.1,,40.9,2.4,359.1,20.2,36.090841409105764,27.5,56.8,275545.0,0.57,65.67,31.8,271.0,49.9,21.5,6.3,,141.68,91.0,42.0,2913.0,26.0
117,Haiti,1664.0,,5.8,13.0,,0.535,4.22,,,,0.0,0.0,,60.5,,1014.0,24.0,41.1,,11.2,2.9,143.0,22.7,11.82771643481686,24.1,52.7,,1.2,63.19,15.3,98.0,8.5,23.7,2.5,34.0,18.98,11.0,,2121.0,24.9
119,Honduras,2772.0,,4.0,38.2,,0.621,5.36,,,,0.3,0.1,,16.2,,2420.0,38.0,48.2,,2.6,2.4,469.8,21.4,28.971522166263146,24.4,60.2,,1.63,70.12,24.7,191.0,66.3,21.2,6.0,1235.0,91.33,37.0,102.0,2673.0,23.5
120,Hong Kong,49259.0,265.17,,0.3,,0.952,5.57,,24.0,,4.1,13.2,,,10.0,10708.0,504.1,53.9,,,1.4,,,93.00056654290609,45.6,90.2,,,85.49,,106.0,,30.6,3.3,,105.85,3273.0,14603.0,3267.0,21.45
121,Hungary,18728.0,193.8,11.4,0.8,,0.846,6.56,32.0,39.0,,,0.0,,4.0,12.0,9184.0,160.0,29.7,2107.0,11.8,1.5,2060.3,26.4,76.84306327657478,43.6,65.0,17873.0,-0.34,74.47,100.7,194.0,99.1,30.1,4.7,30.7,159.05,1250.0,9589.0,3316.0,9.75
122,Iceland,69133.0,,9.1,0.5,,0.959,9.37,40.0,,,0.2,0.4,,1.9,15.0,,81.0,26.1,4236.0,11.2,1.7,848.1,21.9,88.89140912957187,37.1,77.1,,0.77,83.12,84.8,35.0,,32.7,7.5,10.3,225.82,4622.0,1767.0,3654.0,-0.7
123,India,2274.0,54.17,5.7,2.9,2.4,0.633,6.61,,90.0,,14.6,0.8,,32.6,7.0,674.0,16.83,34.2,,12.9,2.2,89.3,3.9,62.60817262454231,28.7,55.2,607890.0,1.1,67.24,5.2,40.0,45.4,25.3,2.9,12.6,84.5,138.0,90000.0,2533.0,23.65
124,Indonesia,4333.0,,0.8,0.6,0.7,0.705,6.3,11.0,99.0,,86.7,0.8,,23.0,12.0,2449.0,29.1,37.9,,2.6,2.3,1675.5,6.9,78.76662741805264,31.1,65.8,610532.0,1.05,67.57,8.3,99.0,70.1,20.0,3.6,136.0,14.82,181.0,135081.0,2884.0,25.85
125,Iran,6766.0,,1.0,2.4,2.6,0.774,2.2,,,,99.4,0.0,,12.9,,20881.0,2.0,40.9,,5.1,2.1,936.5,25.8,88.81211893548469,31.7,51.1,3293401.0,1.04,73.88,23.1,228.0,36.8,23.8,4.0,1.9,46.69,863.0,102691.0,3087.0,17.25
126,Iraq,4686.0,,0.4,9.4,,0.686,3.62,,84.0,,,0.0,,25.2,9.0,2069.0,44.0,29.5,,4.7,3.6,1184.4,30.4,43.39717935519771,21.2,,4470506.0,2.78,70.38,,179.0,20.4,25.3,3.5,304.0,22.18,454.0,,2608.0,21.4
127,Ireland,101109.0,112.81,13.0,0.4,,0.945,9.05,52.0,54.0,,1.4,0.2,,3.0,10.0,28302.0,548.53,29.2,4877.0,8.9,1.8,976.5,25.3,80.70853335568691,37.8,80.5,,0.78,82.1,106.3,91.0,,34.8,3.7,16.0,291.86,3309.0,1773.0,3885.0,9.3
129,Israel,54111.0,147.36,3.8,1.9,4.5,0.919,7.84,46.0,51.0,,18.0,0.3,,3.6,12.0,20700.0,29.28,38.6,2749.0,5.2,3.0,1280.7,26.1,76.2774381608032,30.4,72.8,,1.55,82.5,97.1,168.0,79.8,28.2,5.8,29.0,193.6,2402.0,8411.0,3528.0,19.2
130,Italy,35579.0,90.93,7.5,0.5,1.7,0.895,7.74,25.0,72.0,,4.8,0.2,,2.9,14.0,,143.09,35.2,3496.0,4.3,1.3,1493.3,19.9,85.31350323864677,46.5,62.2,83151.0,-0.13,82.8,90.4,97.0,96.7,31.5,3.8,8.4,246.88,2159.0,125948.0,3503.0,13.45
131,Ivory Coast,2539.0,49.33,8.4,,,0.55,4.11,,,,42.9,,,77.9,,,24.0,37.2,,15.7,4.6,352.7,10.3,,,,,2.49,,,92.0,18.0,19.5,,,6.36,23.0,,2778.0,26.35
132,Jamaica,5184.0,37.95,4.2,52.1,,0.709,7.13,,,,0.2,0.0,,13.3,,4461.0,122.0,45.5,,2.3,2.0,312.5,24.7,49.8599742900136,29.4,68.6,,0.29,70.5,56.8,125.0,66.6,33.2,5.4,,91.13,175.0,,2792.0,24.95
133,Japan,39650.0,167.18,8.0,0.2,1.1,0.925,8.13,60.0,24.0,,0.1,36.2,,2.5,14.0,16924.0,98.44,32.9,4554.0,12.2,1.4,1583.2,4.3,94.21203469667135,48.6,72.1,3243.0,-0.23,84.45,45.9,36.0,,30.0,3.6,0.2,72.06,1016.0,139078.0,2705.0,11.15
135,Jordan,4058.0,67.35,0.7,1.0,,0.72,3.62,,,,97.2,0.4,,15.0,12.0,5408.0,83.0,33.7,,2.0,2.7,2306.1,35.5,58.12738074884749,23.5,66.5,20.0,2.17,74.26,29.8,185.0,87.7,26.6,3.6,0.0,77.68,587.0,511.0,2732.0,18.3
136,Kazakhstan,10055.0,56.12,7.7,3.2,,0.811,3.14,,43.0,,70.2,0.2,,10.0,14.0,1972.0,65.71,27.8,,18.1,2.7,1800.9,21.0,72.48052701369757,31.6,65.4,1726514.0,1.13,70.23,44.8,184.0,99.5,25.0,2.8,0.6,288.12,279.0,1226.0,3067.0,5.5
137,Kenya,2082.0,,3.4,5.3,,0.575,5.05,,94.0,,11.2,0.0,,41.9,8.0,702.0,26.0,38.7,,11.0,3.4,264.4,7.1,16.718012171314534,20.0,55.1,,2.49,61.43,14.3,107.0,54.0,20.2,5.2,73.3,94.86,86.0,300.0,2197.0,24.75
138,Kiribati,1765.0,,0.4,7.2,,0.624,,,,,0.0,,,49.6,,2033.0,8.0,,,30.6,3.5,1396.0,46.0,13.168676381582008,25.7,47.3,,1.71,67.42,32.1,113.0,,20.1,12.0,,10.93,141.0,,3078.0,28.2
141,Kosovo,5663.0,54.39,,2.0,,,,,90.0,,93.0,,,,14.0,2413.0,37.0,29.0,,,1.7,,,,30.5,67.0,,,,,93.0,,,,,,,,,
142,Kuwait,32150.0,130.66,0.0,0.3,4.5,0.831,3.8,,91.0,,74.6,2.8,,8.9,7.0,2400.0,0.42,,,2.7,2.1,1412.7,37.9,95.38090037114299,29.7,60.8,2825724.0,1.78,78.67,60.2,103.0,69.5,27.5,3.8,,157.66,502.0,196.0,3471.0,27.15
143,Kyrgyz Republic,1339.0,48.12,6.2,,,0.692,4.21,,72.0,,,0.0,,17.5,14.0,162.0,112.0,29.0,,8.3,3.0,519.6,16.6,35.37570336332175,27.3,62.3,658.0,1.44,71.9,39.0,117.0,92.5,23.6,6.1,,210.92,76.0,1455.0,2729.0,2.1
144,Laos,2569.0,43.98,10.4,,,0.607,1.77,,,,0.0,66.1,,44.1,15.0,1732.0,53.0,38.8,,6.0,2.6,814.6,5.3,23.562337635926568,24.0,57.4,,1.45,68.06,15.0,166.0,58.6,20.5,2.9,,2.92,42.0,88.0,2758.0,22.8
146,Latvia,21267.0,128.69,12.9,3.0,,0.863,7.24,40.0,39.0,,,0.0,,4.0,14.0,8799.0,126.0,35.7,1861.0,16.1,1.7,1189.1,23.6,84.60723222295094,44.4,70.4,,-1.03,73.28,45.7,169.0,99.9,30.6,4.7,35.3,174.11,1349.0,2375.0,3229.0,5.6
147,Lebanon,6785.0,,1.5,2.3,,0.706,4.16,,87.0,,67.8,0.2,,7.0,7.0,5373.0,220.0,31.8,,2.8,2.1,2037.5,32.0,85.02593859669983,33.7,51.1,,0.57,75.05,63.1,143.0,60.2,28.8,2.5,,114.52,628.0,2000.0,2857.0,15.0
148,Lesotho,1040.0,,5.0,37.7,,0.514,6.3,,,,0.1,0.0,,89.5,10.0,956.0,53.0,44.9,,87.5,3.1,448.0,16.6,29.16175386398323,24.7,53.1,,1.31,53.06,15.4,104.0,51.4,20.9,6.5,,25.35,46.0,,2323.0,11.85
149,Liberia,471.0,,5.8,3.1,,0.481,5.32,,,,20.0,0.0,,78.3,7.0,4.0,51.0,35.3,,7.4,4.2,154.4,9.9,7.270879128496542,18.0,49.7,,2.52,60.75,7.9,55.0,32.8,18.9,2.3,,3.04,15.0,,2168.0,25.3
150,Libya,5791.0,,0.0,,,0.718,1.95,,,,97.0,0.3,,11.1,14.0,1169.0,9.0,,,4.5,2.2,327.2,32.5,20.594787712517242,25.8,,1057890.0,1.33,71.91,28.6,176.0,24.2,29.2,2.3,405.0,75.0,97.0,26.0,,21.8
151,Liechtenstein,169260.0,193.79,,5.1,,0.935,,,,,5.4,0.0,,,14.0,,0.0,,,,1.4,,,95.29188759957991,43.7,,,0.65,,,31.0,,31.2,2.1,0.0,,3193.0,,,5.8
152,Lithuania,23844.0,132.67,15.0,2.6,,0.875,7.13,55.0,42.0,,0.1,0.0,,3.3,14.0,13899.0,74.0,36.0,2397.0,20.2,1.7,1292.0,26.3,80.50695978793182,44.5,74.2,700.0,-0.55,74.34,49.5,177.0,99.8,28.3,4.0,14.1,295.46,1667.0,3479.0,3411.0,6.2
153,Luxembourg,133745.0,154.26,13.0,0.6,,0.93,8.68,50.0,39.0,,2.3,0.0,,2.8,18.0,32103.0,22.1,33.4,5292.0,8.6,1.4,6330.9,22.6,89.28128436262848,39.5,75.9,,1.27,82.75,141.7,106.0,,31.8,4.0,37.5,255.3,3554.0,2000.0,3465.0,8.65
154,Macao,43555.0,170.3,,0.4,,,,,,,0.1,17.3,,,,9972.0,,36.0,,,1.2,,,90.18259353604027,40.8,71.0,,,85.4,,197.0,81.2,,2.7,,37.46,3736.0,,,
156,Madagascar,500.0,41.4,1.9,,,0.501,5.7,,,,10.0,0.0,,50.2,13.0,376.0,41.0,42.6,,9.2,4.0,404.2,5.3,8.666406392413133,20.3,56.6,,2.67,64.48,17.6,98.0,49.4,18.4,2.8,,24.84,15.0,119.0,1938.0,22.65
158,Malawi,613.0,,3.7,1.8,,0.512,5.74,,99.0,,20.0,0.0,,38.6,7.0,266.0,39.0,38.5,,10.6,4.1,241.1,5.8,12.901756091154928,16.8,51.4,,2.87,62.9,5.1,76.0,35.1,17.9,4.0,,7.98,50.0,117.0,2392.0,21.9
159,Malaysia,11101.0,103.34,0.9,0.7,,0.803,7.19,,96.0,,63.5,19.8,,8.6,10.0,4348.0,58.17,41.2,,5.8,2.0,441.2,15.6,75.48632904263594,29.2,74.0,502082.0,1.35,74.88,50.9,217.0,47.1,25.0,4.7,,25.28,1135.0,15354.0,2845.0,25.4
160,Maldives,10366.0,,2.7,0.6,,0.747,,,,,100.0,0.6,,7.6,15.0,,23.0,29.3,,2.8,1.8,560.9,8.6,52.87435013817054,29.5,53.2,,1.85,79.92,16.6,314.0,92.8,21.6,4.1,,111.47,238.0,,2235.0,28.0
161,Mali,875.0,,1.3,,,0.428,3.93,,95.0,,95.0,0.0,,94.0,13.0,616.0,26.0,36.0,,8.0,5.8,316.9,8.6,10.767139148202032,16.1,58.1,,2.99,58.94,19.0,40.0,13.6,18.8,3.1,164.0,98.68,16.0,14.0,2873.0,28.25
162,Malta,33642.0,134.48,8.1,0.4,,0.918,7.68,,86.0,,2.6,0.0,,6.5,,11245.0,691.0,31.4,,5.3,1.5,1527.9,28.9,65.49051918564474,42.3,68.6,,0.31,82.86,86.9,113.0,85.8,28.5,5.3,,190.06,1974.0,511.0,3420.0,19.2
163,Marshall Islands,6111.0,,,4.0,,0.639,,,,,0.0,,,30.7,,4160.0,52.0,,,,4.1,,52.9,48.89417360285375,23.8,,,0.1,65.27,,66.0,89.4,24.2,15.8,,,128.0,,,27.4
164,Martinique,,,,2.8,,,,,,,0.2,0.0,,,,,,,,,1.9,,,,,,,,,,254.0,88.1,,,,,155.0,,,
165,Mauritania,2166.0,,0.0,1.0,,0.556,3.92,,98.0,,99.9,,,70.7,7.0,982.0,76.0,32.6,,5.5,4.5,30.3,12.7,19.92206239948481,21.0,55.7,,2.69,64.36,29.9,57.0,26.6,19.0,2.6,,160.82,20.0,,2877.0,27.65
166,Mauritius,8873.0,,3.6,2.6,,0.802,8.14,,,,17.3,0.0,,16.5,0.0,2538.0,1368.0,36.8,,8.8,1.4,542.5,10.8,54.11524233687347,36.3,73.0,,0.23,73.68,39.6,197.0,64.6,25.4,4.8,,117.27,356.0,80.0,3051.0,22.4
168,Mexico,10046.0,48.35,6.5,28.2,0.6,0.758,6.07,21.0,73.0,,0.01,0.0,,13.7,14.0,3104.0,52.92,45.4,1122.0,5.3,2.1,327.1,28.9,75.05479523419729,29.3,64.7,1715914.0,1.23,70.21,58.6,175.0,78.9,30.5,4.9,35.4,111.87,231.0,18713.0,3157.0,21.0
171,Moldova,4468.0,114.01,15.2,3.0,,0.767,5.78,,72.0,,0.4,,,14.5,14.0,2715.0,70.0,25.7,,12.2,1.3,1747.2,18.9,100.72764841878474,37.7,59.1,,-0.24,68.85,22.7,236.0,95.8,26.0,6.7,,155.18,211.0,4559.0,2383.0,9.45
172,Monaco,234317.0,220.35,,0.0,,,,,,,0.8,,,3.0,,24092.0,240.0,,,,1.9,,,102.36329935125117,55.4,,,0.51,,,36.0,,30.4,1.5,,,6050.0,41.0,,13.55
173,Mongolia,4510.0,43.67,7.4,6.2,,0.739,6.48,,,,5.0,55.1,,15.4,14.0,2316.0,245.0,32.7,,18.0,2.9,1982.5,20.6,21.78266087815754,29.8,55.4,15888.0,1.5,70.97,108.8,183.0,94.6,26.0,4.1,,139.82,194.0,285.0,2579.0,1.7
174,Montenegro,9252.0,64.44,8.0,2.4,,0.832,5.77,,71.0,,19.1,0.0,,2.4,14.0,6387.0,151.0,36.8,,16.2,1.7,1100.8,23.3,80.44083146056678,39.6,60.5,,0.04,73.82,,153.0,93.9,28.0,,,349.21,1006.0,,3500.0,10.55
175,Montserrat,16199.0,,,0.0,,,,,,,0.1,,,,,,2.0,,,,,,,64.13855558071089,34.8,,,,,,,,,,,,800.0,,,
176,Morocco,3853.0,,0.6,1.9,,0.683,5.04,,97.0,,99.0,0.0,,18.7,12.0,3997.0,46.0,39.5,,7.3,2.4,682.3,26.1,59.53289817638,29.1,62.9,25.0,1.26,74.04,20.6,260.0,34.1,25.7,5.4,,54.68,259.0,3677.0,3412.0,17.1
177,Mozambique,492.0,,2.4,3.6,,0.446,3.51,,,,18.9,0.0,,70.6,16.0,550.0,72.0,50.5,,23.2,4.8,501.9,7.2,19.2106592521911,17.0,48.6,,2.86,59.33,5.6,62.0,26.0,18.7,6.5,246.0,4.79,20.0,,2103.0,23.8
178,Myanmar,1089.0,,4.8,28.4,,0.585,3.04,,,,4.3,89.9,,43.7,7.0,691.0,17.0,30.7,,3.0,2.1,226.5,5.8,43.96067339498559,29.2,53.6,7400.0,0.9,65.67,10.7,183.0,58.2,20.5,2.2,,31.48,18.0,3660.0,2673.0,13.05
179,Namibia,4836.0,,9.8,12.4,,0.615,6.52,,,,0.4,0.0,,40.2,7.0,,64.0,59.1,,13.5,3.3,298.4,17.2,36.89305499948422,21.8,58.7,,2.12,59.27,34.0,318.0,56.7,29.2,8.4,,73.05,205.0,106.0,2469.0,19.95
180,Nauru,12390.0,,6.0,,,,,,,,0.0,1.1,,28.5,,,22.0,,,,,,61.0,51.75445607865079,27.0,,,-0.06,,,140.0,,21.2,4.9,,,254.0,,,
181,Nepal,1159.0,,2.0,2.3,,0.602,5.22,,93.0,,4.2,10.3,,28.2,10.0,1524.0,16.0,32.8,,9.8,1.9,511.6,4.1,53.90379866628218,25.3,53.8,,1.09,68.45,10.0,83.0,20.8,20.1,5.2,,52.1,84.0,,2769.0,8.1
182,Netherlands,57871.0,152.94,8.7,0.7,1.6,0.941,8.96,45.0,,,5.0,0.2,,4.2,,24925.0,381.62,26.0,5482.0,9.3,1.4,1459.9,20.4,90.71974510356024,42.8,76.8,29451.0,0.29,81.46,89.3,65.0,,30.9,5.5,18.0,341.47,3534.0,16502.0,3297.0,9.25
184,New Caledonia,34994.0,,,3.1,,,,,,,2.8,0.6,,,,,1.0,,,,1.9,,,78.72029186935372,32.9,,,,79.13,76.6,195.0,90.6,,,,108.0,676.0,,2858.0,
185,New Zealand,48824.0,153.88,10.7,2.6,,0.937,9.25,39.0,,,0.9,1.6,,4.7,10.0,33487.0,81.76,33.9,3913.0,10.3,1.9,685.1,30.8,83.30566129542567,37.2,84.4,6551.0,0.93,82.21,142.1,162.0,,29.4,6.4,217.3,137.25,3286.0,2526.0,3191.0,19.53
186,Nicaragua,2046.0,,5.2,11.0,,0.667,3.6,,84.0,,0.0,0.0,,16.0,13.0,1506.0,83.0,46.2,,4.7,2.4,327.8,23.7,25.285860676676585,27.3,57.7,,1.07,73.84,14.9,332.0,49.2,20.6,4.3,,85.16,21.0,27.0,2582.0,24.9
187,Niger,591.0,,0.5,4.4,,0.4,3.29,,99.0,,98.3,,,77.5,13.0,650.0,36.0,37.3,,10.1,6.8,118.8,5.5,8.692072878321792,14.8,51.6,8000.0,3.81,61.58,11.2,39.0,13.7,17.2,3.5,,58.92,8.0,,2601.0,27.15
188,Nigeria,2019.0,,13.4,21.7,,0.535,4.1,,96.0,,,0.0,,113.8,7.0,901.0,2.0,35.1,,6.9,5.3,162.5,8.9,63.824923428426914,18.6,57.3,1316415.0,2.58,52.68,8.6,35.0,21.6,21.2,5.94,1658.0,7.91,63.0,1314.0,2572.0,27.0
192,North Korea,654.0,,3.9,,,,1.08,,,,0.1,1.5,,16.5,14.0,,18.0,,,8.2,1.9,993.3,6.8,,34.6,5.9,,0.47,73.28,10.8,,100.0,25.5,,,3.79,9.0,,2019.0,5.7
193,North Macedonia,6600.0,37.2,,1.1,,0.77,5.89,,76.0,,33.3,0.0,,5.9,16.0,2418.0,73.0,33.5,,7.2,1.5,2784.9,22.4,75.5782021841556,39.0,71.1,,0.08,74.54,35.4,128.0,82.5,26.9,3.3,,157.93,540.0,,3072.0,9.8
200,Norway,89242.0,159.99,7.5,0.5,1.6,0.961,9.81,48.0,,,3.2,0.6,,2.2,15.0,,133.14,27.7,6495.0,11.8,1.7,552.8,23.1,94.76596518873423,39.5,73.0,1704297.0,0.94,83.16,61.7,55.0,,34.1,8.0,6.2,261.34,4654.0,14114.0,3371.0,1.5
203,Oman,19509.0,57.53,0.8,0.2,5.2,0.816,3.0,,,,86.0,0.8,,11.0,9.0,10263.0,35.0,,,4.5,2.8,271.1,27.0,82.24404049931965,26.2,61.0,1063251.0,4.08,72.54,49.8,46.0,41.9,24.8,6.8,,152.28,562.0,7.0,2940.0,25.6
205,Pakistan,1480.0,,0.3,4.0,2.6,0.544,4.31,,92.0,,96.5,0.0,,65.2,7.0,1289.0,43.0,29.6,,9.8,3.5,363.2,8.6,60.81692493478297,22.0,55.0,83000.0,1.91,66.1,12.3,38.0,27.1,23.2,2.9,943.0,183.13,127.0,3811.0,2486.0,20.2
206,Palau,12084.0,,,11.2,,0.767,,,,,3.8,0.8,,16.9,10.0,6240.0,62.1,,,,,,55.3,,33.9,,,1.06,,,428.0,84.7,26.6,7.6,,,1169.0,,,27.6
207,Palestine,3514.0,,,0.9,,0.715,3.83,,93.0,,97.5,0.0,,,,6985.0,35.0,,,,3.6,,,62.49887014278278,21.9,,,,73.47,,,63.9,20.1,5.3,,,230.0,114.0,,
208,Panama,14618.0,125.25,7.9,12.6,,0.805,7.18,,88.0,,0.7,0.2,,14.3,12.0,3819.0,56.6,50.9,,2.9,2.4,219.3,22.7,54.509456670896085,30.1,67.2,,1.55,76.22,54.5,499.0,80.9,21.6,4.1,,70.29,182.0,940.0,2851.0,25.4
209,Papua New Guinea,2673.0,,1.2,9.4,,0.558,6.1,,,,0.0,0.0,,43.9,7.0,2086.0,111.0,41.9,,3.6,3.5,1689.3,21.3,9.296556176997754,24.0,58.4,35917.0,2.01,65.35,73.0,58.0,33.0,21.4,,,,25.0,122.0,,25.25
210,Paraguay,6035.0,56.89,7.2,7.8,,0.717,6.18,,92.0,,0.0,0.0,,18.9,14.0,4055.0,54.0,45.1,,6.2,2.4,384.5,20.3,62.059438237930465,29.7,61.8,,1.25,70.26,70.3,234.0,77.8,22.7,3.4,,75.72,55.0,1007.0,2768.0,23.55
211,Peru,6622.0,51.81,6.3,5.7,,0.762,6.53,,84.0,,0.0,0.2,,12.8,14.0,3170.0,44.0,40.2,,2.7,2.2,97.7,19.7,46.48975836641879,29.1,67.8,40538.0,1.2,72.38,34.5,264.0,77.7,23.5,3.9,223.0,62.15,164.0,6885.0,2775.0,19.6
212,Philippines,3461.0,49.31,6.6,4.3,,0.699,6.56,,96.0,,,,,26.4,15.0,3009.0,58.9,40.7,,2.5,2.5,1132.2,6.4,64.10528866759148,24.1,63.8,925.0,1.51,69.27,31.1,162.0,90.1,25.3,3.2,424.0,15.66,51.0,1507.0,2662.0,25.55
214,Poland,17736.0,130.98,11.6,0.7,2.4,0.876,6.85,43.0,75.0,,0.02,0.0,,4.4,13.0,11192.0,49.3,28.8,2107.0,9.3,1.4,1363.1,23.1,90.57663198280159,41.9,67.8,17151.0,-0.17,75.6,78.1,208.0,93.0,27.0,4.6,8.0,205.39,1364.0,21130.0,3537.0,7.85
216,Portugal,24651.0,150.39,12.3,0.8,,0.866,7.9,33.0,,,0.4,0.6,,3.3,16.0,9935.0,164.48,34.7,3134.0,7.2,1.3,1133.4,20.8,74.07255301526136,44.6,65.3,,-0.39,81.07,91.1,122.0,80.5,32.4,4.9,8.0,205.04,2821.0,18925.0,3480.0,15.15
217,Puerto Rico,32716.0,,,17.0,,,,,,,0.0,0.3,,,,,161.93,,,,1.2,,,81.84597921148098,43.6,,,,80.16,,221.0,84.5,,6.1,,,265.0,,,
218,Qatar,66799.0,105.2,2.0,0.3,7.0,0.855,3.24,,95.0,,77.5,3.1,,5.8,7.0,,106.09,41.1,,4.7,1.8,1020.3,35.1,94.19038886109288,33.7,72.6,1321192.0,2.36,79.27,90.5,58.0,41.0,25.4,2.9,,,1815.0,209.0,,27.15
219,Reunion,,,,1.7,,,,,,,4.2,0.2,,,,,,,,,2.2,,,,,,,,,46.8,137.0,42.0,,,,,66.0,69.0,,
221,Romania,14698.0,178.9,12.6,1.3,1.7,0.821,6.4,,84.0,,,0.0,,6.9,16.0,8654.0,45.4,34.6,,7.3,1.6,1204.3,22.5,64.90684251698006,42.5,68.6,61281.0,-0.5,72.96,54.5,122.0,96.8,28.3,3.1,7.0,238.33,810.0,14984.0,3581.0,8.8
222,Russia,12259.0,87.01,11.7,6.8,4.1,0.822,3.31,58.0,34.0,,,0.1,,5.4,14.0,2646.0,13.67,36.0,,21.6,1.8,2295.0,23.1,89.45384944620797,40.3,58.9,10278370.0,0.01,69.36,51.0,300.0,99.2,25.5,3.7,4.0,163.57,819.0,115171.0,3345.0,-5.35
223,Rwanda,822.0,,9.0,3.6,,0.534,3.1,,95.0,,4.8,,,40.5,14.0,,29.0,43.7,,9.5,4.0,94.0,5.8,19.74292164665164,19.7,71.1,,2.36,66.07,4.4,621.0,24.3,20.6,3.1,,7.23,55.0,,2188.0,17.85
224,Sao Tome and Principe,2486.0,,6.8,3.2,,0.618,,,,,3.0,,,16.1,16.0,,67.0,40.7,,2.2,4.3,,12.4,27.41061463781952,19.3,54.0,,2.18,67.59,9.6,115.0,49.6,18.8,4.9,,22.58,42.0,,2446.0,23.75
227,Saint Kitts and Nevis,18083.0,,9.4,29.4,,0.777,,,,,0.3,,,15.0,,6933.0,20.0,,,,1.8,,22.9,93.83060958702684,36.5,,,0.91,,99.3,296.0,,31.3,2.6,,87.36,2241.0,,2582.0,24.5
228,Saint Lucia,9824.0,45.66,9.9,39.0,,0.715,,,,,0.0,,,24.4,,,36.0,51.2,,6.9,1.4,553.9,19.7,50.591981118947295,36.9,68.7,,0.45,,124.1,278.0,,33.7,3.8,,80.65,78.0,,2618.0,25.5
231,St. Vincent and the Grenadines,8440.0,46.51,8.2,30.7,,0.751,,,,,1.7,,,14.1,,2407.0,42.0,,,1.0,1.9,259.6,23.7,69.05647356515739,35.3,65.8,,0.24,69.63,79.1,347.0,91.0,21.2,5.8,,87.62,280.0,,2968.0,26.8
232,Samoa,3919.0,,2.5,6.2,,0.707,,,,,0.0,,,17.0,,1625.0,51.0,,,14.6,3.8,1470.6,47.3,30.18001133641733,25.6,62.2,,0.65,72.77,82.6,179.0,96.3,24.1,4.1,,52.55,350.0,,3030.0,26.7
233,San Marino,50425.0,115.27,,0.0,,0.853,,,,,0.0,,,1.8,14.0,21310.0,23.0,,,,1.3,,,59.56437990813453,45.2,,,0.51,,,26.0,,30.7,3.2,,,1484.0,,,11.85
234,Saudi Arabia,23186.0,90.24,0.2,0.8,7.4,0.875,2.08,26.0,93.0,,96.2,0.3,,7.0,12.0,12800.0,23.83,45.9,,5.4,2.3,1341.0,35.4,96.91131079613142,30.8,60.7,10644394.0,1.9,76.94,44.6,207.0,51.4,20.4,5.6,,83.65,1037.0,2387.0,3307.0,24.65
236,Senegal,1637.0,35.32,0.7,0.3,,0.511,5.67,,96.0,,97.2,0.3,,38.1,13.0,686.0,42.0,38.3,,11.0,4.6,359.4,8.8,27.83780260619362,19.4,56.3,,2.77,67.09,17.7,67.0,21.5,22.2,4.8,,16.86,54.0,,2545.0,27.85
237,Serbia,8643.0,77.88,11.1,1.1,,0.802,6.22,,54.0,,2.1,0.0,,5.6,16.0,3610.0,56.5,35.0,,7.9,1.4,1898.6,21.5,84.72806251643708,43.4,63.9,14170.0,-0.34,72.73,,155.0,96.6,28.6,4.0,28.5,148.53,1158.0,14901.0,2828.0,10.55
238,Seychelles,12085.0,,13.8,4.7,,0.785,,,,,1.1,0.0,,13.9,7.0,3282.0,180.0,32.1,,7.7,2.4,543.6,14.0,52.293112678569756,36.8,61.4,,0.5,73.4,51.1,360.0,71.5,25.2,4.4,,79.23,1119.0,,,27.15
239,Sierra Leone,505.0,,5.7,2.1,,0.477,4.86,,,,78.6,0.3,,107.8,14.0,575.0,36.0,35.7,,11.3,4.2,468.6,8.7,11.882408952002585,19.1,47.5,,2.12,60.06,6.1,57.0,3.7,23.1,4.6,,7.0,25.0,,2369.0,26.05
240,Singapore,66822.0,259.11,2.5,0.1,2.8,0.939,6.03,,70.0,,15.6,33.9,,2.2,10.0,,158.13,45.9,,9.7,1.2,851.2,6.1,81.14913836924724,35.6,89.4,,1.4,83.44,71.1,156.0,84.0,27.9,2.9,,,4232.0,12000.0,,26.45
242,Slovakia,21390.0,101.28,11.5,1.0,,0.848,6.97,31.0,,,,0.0,,5.8,14.0,9914.0,112.0,23.2,2009.0,9.3,1.5,1500.9,20.5,81.63059037502968,41.8,65.0,43.0,0.04,74.71,67.4,187.0,,29.4,3.9,19.5,143.14,1597.0,9400.0,2871.0,6.8
243,Slovenia,29135.0,108.47,12.6,0.4,,0.918,7.54,41.0,47.0,,3.6,0.0,,2.2,14.0,17079.0,104.0,24.0,3045.0,14.0,1.6,2236.5,20.2,77.42215994073823,44.9,65.5,,0.07,80.88,88.0,70.0,99.3,30.7,4.8,5.0,235.01,3228.0,5076.0,3191.0,8.9
244,Solomon Islands,2306.0,,1.4,3.7,,0.564,,,,,0.0,0.3,,19.4,8.0,933.0,40.0,,,17.4,3.9,1419.1,22.5,10.294821932864402,23.5,54.6,,1.94,70.35,9.7,79.0,,20.3,7.3,,11.52,85.0,,2415.0,25.65
245,Somalia,447.0,,0.0,,,,,,,,99.8,,,114.6,,,52.0,36.8,,14.7,6.0,198.5,8.3,1.7277524861298306,18.5,,,2.93,55.28,,,,20.6,,1867.0,,6.0,,,27.05
247,South Africa,7055.0,43.91,9.3,41.9,,0.713,7.05,14.0,85.0,,1.9,0.2,,32.2,12.0,3671.0,65.81,63.0,,23.5,2.4,509.6,28.3,53.640036061941075,28.0,58.3,950.0,1.2,62.34,39.0,250.0,72.1,33.0,6.2,36.0,55.75,472.0,5418.0,2899.0,17.75
250,South Korea,34940.0,241.58,10.2,0.5,2.7,0.925,8.01,69.0,43.0,,0.1,22.9,,3.0,12.0,20990.0,38.62,31.4,3067.0,21.2,0.9,1667.4,4.7,95.35201902506957,43.2,72.3,,0.36,83.53,48.0,103.0,,31.0,5.1,2.0,29.05,1762.0,63476.0,3420.0,11.5
251,South Sudan,400.0,,,14.1,,0.385,,,,,20.0,,,97.9,12.0,,62.7,44.1,,6.7,4.6,383.7,6.6,9.336775250942663,18.6,,155110.0,2.72,54.98,,58.0,11.0,18.4,1.5,1378.0,,3.0,,,
258,Spain,30058.0,186.4,10.0,0.6,1.5,0.905,8.12,41.0,49.0,,2.6,0.0,,3.2,18.0,17457.0,111.84,34.9,3427.0,5.3,1.3,1499.0,23.8,89.28930873302309,43.9,65.7,19.0,0.03,83.18,118.6,116.0,94.7,33.6,4.2,8.6,164.29,2202.0,83622.0,3322.0,13.3
259,Sri Lanka,3918.0,,4.3,3.4,,0.782,6.14,,99.0,,9.7,69.3,,6.9,12.0,603.0,68.0,37.7,,12.9,2.2,254.6,5.2,32.70551494364166,33.7,56.4,,0.35,76.4,6.6,128.0,81.0,23.4,2.8,,34.98,128.0,4115.0,2737.0,26.95
261,Sudan,786.0,,0.5,,,0.508,2.54,,93.0,,96.0,0.0,,56.6,12.0,13.0,121.0,34.2,,4.8,4.3,339.9,6.6,27.405619380705808,18.3,47.7,64880.0,2.38,65.27,21.0,52.0,24.3,22.0,2.2,623.0,155.2,27.0,,2578.0,26.9
262,Suriname,5259.0,,5.1,5.7,,0.73,6.82,,,,14.3,0.6,,17.6,,,30.0,57.9,,25.9,2.4,511.7,26.4,44.990497320489084,31.0,48.1,14000.0,0.87,70.27,40.3,185.0,76.0,29.3,,,48.97,100.0,47.0,2698.0,25.7
265,Sweden,60730.0,169.0,9.2,1.1,1.3,0.947,9.26,46.0,17.0,,7.1,0.4,,2.6,15.0,,171.81,28.9,5419.0,12.4,1.8,716.2,20.6,91.28516722449405,41.1,75.2,,0.72,83.16,76.1,74.0,,33.9,7.7,36.0,341.23,4141.0,8118.0,3184.0,1.75
266,Switzerland,93525.0,188.69,11.5,0.5,0.8,0.962,8.83,49.0,41.0,,5.2,0.4,,4.0,15.0,,284.57,33.1,6602.0,9.8,1.5,1489.8,19.5,91.3875614601366,42.7,81.9,,0.83,83.85,72.9,73.0,,30.1,5.1,2.55,318.69,5461.0,12156.0,3354.0,5.1
267,Syria,925.0,,0.3,2.1,,0.577,1.43,,89.0,,86.0,,,22.4,10.0,96.0,24.0,37.5,,2.1,2.8,2291.7,27.8,29.34403633177013,23.5,,85742.0,0.2,72.06,21.2,60.0,39.0,26.3,5.1,3753.0,111.43,40.0,1138.0,,17.75
268,Taiwan,,163.85,,,1.6,,8.94,,,,0.3,21.3,,,,11973.0,24.4,34.1,,,,,,91.87219969629393,42.3,77.3,196.0,0.28,,,234.0,,30.4,,,41.72,1677.0,28084.0,2983.0,
269,Tajikistan,897.0,,3.3,0.9,,0.685,1.94,,85.0,,97.9,0.0,,32.3,14.0,265.0,38.0,34.0,,5.3,3.6,361.1,14.2,20.093478360757427,25.3,55.6,316.0,2.06,71.59,8.7,141.0,98.1,22.1,5.2,,54.54,34.0,132.0,2109.0,6.4
270,Tanzania,1136.0,,9.4,3.7,,0.549,5.1,,89.0,,35.2,0.0,,48.9,7.0,209.0,34.0,40.5,,8.2,4.8,181.8,8.4,52.03784706798578,18.2,60.2,,3.06,66.2,10.0,50.0,43.5,18.9,3.4,,40.29,37.0,172.0,2373.0,22.35
271,Thailand,7067.0,206.81,8.3,4.8,1.2,0.8,6.04,,97.0,,5.4,93.2,,8.7,7.0,3733.0,49.09,35.9,,8.0,1.5,837.4,10.0,75.47803837602893,39.0,68.3,143083.0,0.22,78.72,27.9,377.0,78.7,21.0,4.1,0.4,29.35,312.0,6750.0,2804.0,26.3
272,Togo,944.0,,3.1,,,0.539,2.8,,,,20.0,0.0,,64.4,14.0,757.0,26.0,42.5,,14.8,4.3,147.3,8.4,11.148803521735363,20.0,50.3,,2.45,61.62,8.5,59.0,20.4,22.3,5.0,211.0,7.96,28.0,,2443.0,27.15
274,Tonga,4451.0,,1.5,1.0,,0.745,,,,,0.0,0.0,,11.4,,,54.0,,,4.4,3.5,986.9,48.2,42.02910853919654,24.1,57.7,,0.86,70.99,,166.0,98.9,23.6,3.9,,,301.0,,,25.25
276,Trinidad and Tobago,16033.0,79.89,8.4,29.4,,0.81,7.16,,,,5.8,0.3,,16.6,,4615.0,76.0,40.3,,8.3,1.7,682.5,18.6,69.39566601536512,37.8,57.0,58436.0,0.26,72.97,57.8,276.0,82.8,29.2,3.1,,103.8,320.0,,2991.0,25.75
277,Tunisia,3807.0,,1.9,4.6,,0.731,6.59,,93.0,,97.8,0.0,,16.6,13.0,2000.0,97.0,32.8,,3.2,2.2,1580.0,26.9,64.58480694606337,32.7,55.4,33320.0,1.09,73.77,25.5,196.0,39.8,28.7,6.6,,114.47,710.0,720.0,3450.0,19.2
278,Turkey,9661.0,62.52,2.0,2.5,1.2,0.838,4.48,28.0,82.0,,,0.0,,9.5,12.0,18190.0,46.21,41.9,1205.0,2.3,2.1,1770.7,32.1,87.61797348674388,32.2,64.6,69012.0,1.37,76.03,19.3,392.0,88.1,25.0,4.4,8.5,193.94,635.0,88975.0,3711.0,9.9
279,Turkmenistan,8508.0,,5.4,1.1,,0.745,1.72,,80.0,,93.7,0.0,,41.8,14.0,,1.0,40.8,,6.1,2.7,962.1,18.6,19.29389744798643,29.2,48.4,195109.0,1.61,69.26,41.7,576.0,97.6,23.3,3.0,,137.09,2.0,450.0,2830.0,15.1
281,Tuvalu,5370.0,,1.7,0.0,,0.641,,,,,0.1,0.0,,22.0,,,37.0,,,,,,51.6,49.268118529096746,26.6,,,0.88,,,110.0,,22.1,3.7,,,187.0,,,27.65
282,US Virgin Islands,,,,49.6,,,,,,,0.1,0.0,,,,,,,,,2.0,,,67.47359902488735,41.8,,,,80.07,,345.0,,,,,,149.0,,,
283,Uganda,930.0,,9.5,8.5,,0.525,4.94,,93.0,,14.0,0.0,,43.3,12.0,426.0,24.0,42.7,,10.4,4.8,195.7,5.3,22.163510714427936,15.7,59.7,,3.23,62.7,11.7,151.0,36.1,18.2,2.6,143.0,37.27,53.0,288.0,1981.0,22.8
284,Ukraine,4596.0,67.52,8.6,3.8,34.0,0.773,5.81,,46.0,,,0.0,,8.1,14.0,2946.0,81.0,25.6,,17.7,1.4,1849.4,24.1,65.6307528846634,41.2,52.3,6672.0,-0.49,69.65,32.3,123.0,100.0,25.9,5.4,168.0,145.03,434.0,24416.0,3102.0,8.3
285,United Arab Emirates,43295.0,151.09,3.8,0.5,,0.911,2.7,,91.0,,72.0,2.0,,6.6,7.0,,59.69,26.0,,5.2,1.4,748.5,31.7,95.17436195595477,38.4,77.1,3467870.0,1.39,78.71,74.4,104.0,42.1,25.3,1.3,,132.66,1061.0,293.0,3314.0,26.65
286,United Kingdom,46542.0,92.63,11.4,1.2,2.2,0.929,8.54,49.0,27.0,,3.3,0.4,,4.2,,29690.0,287.08,32.6,4188.0,6.9,1.7,827.7,27.8,96.61119531759907,40.6,78.9,744965.0,0.58,80.7,79.6,,,31.7,3.9,54.4,232.2,2959.0,186000.0,3344.0,8.45
287,United States,69185.0,191.97,9.8,6.8,3.5,0.921,7.92,51.1,65.0,,1.1,1.2,,6.3,,15080.0,122.56,39.8,10447.0,14.5,1.8,1016.6,41.9,92.37453852196893,38.5,76.8,11884154.0,0.71,76.33,124.8,531.0,,28.6,6.1,17.5,254.69,1875.0,275232.0,3782.0,8.55
288,Uruguay,17313.0,53.88,10.8,8.9,,0.809,8.61,,41.0,,0.0,0.0,,6.2,13.0,5816.0,50.0,40.8,,18.8,2.0,899.4,27.9,84.9322584976038,35.5,68.6,,0.36,75.44,98.6,408.0,97.1,24.0,4.9,,210.54,535.0,3231.0,3202.0,17.55
289,Uzbekistan,2032.0,39.2,2.7,1.4,,0.727,2.12,,51.0,,88.7,0.0,,13.9,13.0,1041.0,24.0,35.3,,8.3,2.4,495.9,16.6,48.978128834839154,30.1,53.3,34379.0,1.41,70.86,20.7,85.0,99.8,22.7,6.3,,130.81,99.0,1003.0,3011.0,12.05
290,Vanuatu,3073.0,,1.0,0.3,,0.607,,,,,0.0,0.0,,24.9,10.0,3240.0,27.0,,,21.0,3.7,1069.2,25.2,22.263165975740826,23.0,56.4,,2.1,70.45,32.6,65.0,44.2,20.8,4.7,,25.21,173.0,,2607.0,23.95
292,Venezuela,3965.0,,5.6,19.3,,0.691,2.76,,79.0,,0.4,0.0,,24.2,,10.32,23.0,44.8,,2.1,2.3,396.2,25.6,72.92392903838872,30.0,25.9,703658.0,1.26,70.55,56.6,199.0,88.1,22.7,3.6,,117.79,49.0,2275.0,2120.0,25.35
293,Vietnam,3756.0,66.38,8.3,1.5,,0.703,2.94,,30.0,,0.1,16.4,,20.9,14.0,1591.0,39.1,36.8,,7.2,2.1,1049.6,2.1,69.94307230733064,31.9,55.3,179249.0,1.0,73.62,28.6,130.0,76.9,22.8,4.3,16.6,16.36,177.0,24589.0,3025.0,24.45
304,Zambia,1095.0,,4.8,5.2,,0.565,4.86,,95.0,,1.0,0.0,,61.4,8.0,596.0,45.0,55.9,,14.4,4.6,145.4,8.1,24.44761690791796,16.9,53.6,,2.97,61.22,11.9,118.0,52.3,18.7,1.3,,9.71,44.0,,2002.0,21.4
306,Zimbabwe,1508.0,,4.8,6.1,,0.593,3.16,,88.0,,0.7,0.0,,53.9,7.0,,77.0,50.3,,23.6,3.5,122.9,15.5,27.96751985366077,20.5,40.4,,2.28,59.25,15.2,121.0,81.1,19.9,6.1,848.0,31.9,71.0,232.0,1908.0,21.0
